﻿{
  "programs": [
    {
      "mode": 3,
      "name": "start",
      "nodes": []
    },
    {
      "mode": 3,
      "name": "pantalla",
      "nodes": [
        {
          "start": 135,
          "end": 687,
          "isCollapsed": false
        },
        {
          "start": 227,
          "end": 535,
          "isCollapsed": false
        },
        {
          "start": 252,
          "end": 315,
          "isCollapsed": false
        },
        {
          "start": 322,
          "end": 454,
          "isCollapsed": false
        },
        {
          "start": 461,
          "end": 521,
          "isCollapsed": false
        },
        {
          "start": 565,
          "end": 609,
          "isCollapsed": false
        }
      ]
    },
    {
      "mode": 3,
      "name": "MoveRobot",
      "nodes": [
        {
          "start": 126,
          "end": 1046,
          "isCollapsed": false
        },
        {
          "start": 398,
          "end": 1026,
          "isCollapsed": false
        },
        {
          "start": 424,
          "end": 963,
          "isCollapsed": false
        },
        {
          "start": 449,
          "end": 547,
          "isCollapsed": false
        },
        {
          "start": 556,
          "end": 652,
          "isCollapsed": false
        },
        {
          "start": 661,
          "end": 758,
          "isCollapsed": false
        },
        {
          "start": 767,
          "end": 864,
          "isCollapsed": false
        },
        {
          "start": 873,
          "end": 947,
          "isCollapsed": false
        }
      ]
    }
  ]
}