﻿{
    "robots": [
        {
            "instanceId": "2fb92471-cd65-4d4e-a3a5-c0b1fa6f3c57",
            "position": [
                -7.5194551487836492,
                -3.6457445237490056,
                61.422327092604739,
                0.0,
                122.22339383868345,
                172.48056778941927
            ],
            "currentTcp": {
                "name": "Tcp",
                "component": "90b0f97d-8cf7-43eb-8dd0-25223952ce75"
            }
        }
    ],
    "lastUsedCamera": {
        "name": "lastUsedCamera",
        "position": {
            "X": 1440.07886,
            "Y": -1496.20044,
            "Z": 1007.87653
        },
        "upVector": {
            "X": -0.352759153,
            "Y": 0.241858661,
            "Z": 0.9039167
        },
        "target": {
            "X": 447.748077,
            "Y": 217.230286,
            "Z": 162.155045
        },
        "height": 845.812256,
        "width": 845.812256
    },
    "val3Tcps": [
        {
            "robot": "2fb92471-cd65-4d4e-a3a5-c0b1fa6f3c57",
            "name": "VAL3 Tool",
            "value": "M(1,0,0,0,0,1,0,0,0,0,1,0,0,0,110,1)"
        }
    ]
}